{
  "Apple___Apple_scab": {
    "precision": 0.9242424242424242,
    "recall": 0.9682539682539683,
    "f1-score": 0.9457364341085271,
    "support": 126.0
  },
  "Apple___Black_rot": {
    "precision": 0.9919354838709677,
    "recall": 0.984,
    "f1-score": 0.9879518072289156,
    "support": 125.0
  },
  "Apple___Cedar_apple_rust": {
    "precision": 0.9814814814814815,
    "recall": 0.9636363636363636,
    "f1-score": 0.9724770642201835,
    "support": 55.0
  },
  "Apple___healthy": {
    "precision": 0.9672619047619048,
    "recall": 0.9878419452887538,
    "f1-score": 0.9774436090225563,
    "support": 329.0
  },
  "Blueberry___healthy": {
    "precision": 1.0,
    "recall": 0.9866666666666667,
    "f1-score": 0.9932885906040269,
    "support": 300.0
  },
  "Cherry_(including_sour)___Powdery_mildew": {
    "precision": 1.0,
    "recall": 0.9857142857142858,
    "f1-score": 0.9928057553956835,
    "support": 210.0
  },
  "Cherry_(including_sour)___healthy": {
    "precision": 0.9824561403508771,
    "recall": 0.9882352941176471,
    "f1-score": 0.9853372434017595,
    "support": 170.0
  },
  "Corn_(maize)___Cercospora_leaf_spot Gray_leaf_spot": {
    "precision": 0.926829268292683,
    "recall": 0.7378640776699029,
    "f1-score": 0.8216216216216217,
    "support": 103.0
  },
  "Corn_(maize)___Common_rust_": {
    "precision": 0.99581589958159,
    "recall": 0.99581589958159,
    "f1-score": 0.99581589958159,
    "support": 239.0
  },
  "Corn_(maize)___Northern_Leaf_Blight": {
    "precision": 0.8721461187214612,
    "recall": 0.9695431472081218,
    "f1-score": 0.9182692307692307,
    "support": 197.0
  },
  "Corn_(maize)___healthy": {
    "precision": 1.0,
    "recall": 1.0,
    "f1-score": 1.0,
    "support": 233.0
  },
  "Grape___Black_rot": {
    "precision": 0.9586776859504132,
    "recall": 0.9830508474576272,
    "f1-score": 0.9707112970711297,
    "support": 236.0
  },
  "Grape___Esca_(Black_Measles)": {
    "precision": 0.9888888888888889,
    "recall": 0.967391304347826,
    "f1-score": 0.978021978021978,
    "support": 276.0
  },
  "Grape___Leaf_blight_(Isariopsis_Leaf_Spot)": {
    "precision": 0.9907834101382489,
    "recall": 1.0,
    "f1-score": 0.9953703703703703,
    "support": 215.0
  },
  "Grape___healthy": {
    "precision": 0.9882352941176471,
    "recall": 1.0,
    "f1-score": 0.9940828402366864,
    "support": 84.0
  },
  "Orange___Haunglongbing_(Citrus_greening)": {
    "precision": 0.9963833634719711,
    "recall": 1.0,
    "f1-score": 0.9981884057971014,
    "support": 1102.0
  },
  "Peach___Bacterial_spot": {
    "precision": 0.982646420824295,
    "recall": 0.9869281045751634,
    "f1-score": 0.9847826086956522,
    "support": 459.0
  },
  "Peach___healthy": {
    "precision": 0.9857142857142858,
    "recall": 0.9583333333333334,
    "f1-score": 0.971830985915493,
    "support": 72.0
  },
  "Pepper,_bell___Bacterial_spot": {
    "precision": 0.9851485148514851,
    "recall": 0.995,
    "f1-score": 0.9900497512437811,
    "support": 200.0
  },
  "Pepper,_bell___healthy": {
    "precision": 0.9931972789115646,
    "recall": 0.9898305084745763,
    "f1-score": 0.9915110356536503,
    "support": 295.0
  },
  "Potato___Early_blight": {
    "precision": 0.9896907216494846,
    "recall": 0.96,
    "f1-score": 0.9746192893401016,
    "support": 200.0
  },
  "Potato___Late_blight": {
    "precision": 0.9455445544554455,
    "recall": 0.955,
    "f1-score": 0.9502487562189055,
    "support": 200.0
  },
  "Potato___healthy": {
    "precision": 0.9047619047619048,
    "recall": 0.6129032258064516,
    "f1-score": 0.7307692307692307,
    "support": 31.0
  },
  "Raspberry___healthy": {
    "precision": 0.9864864864864865,
    "recall": 0.9864864864864865,
    "f1-score": 0.9864864864864865,
    "support": 74.0
  },
  "Soybean___healthy": {
    "precision": 0.9825412221144519,
    "recall": 0.9950884086444007,
    "f1-score": 0.9887750122010737,
    "support": 1018.0
  },
  "Squash___Powdery_mildew": {
    "precision": 1.0,
    "recall": 1.0,
    "f1-score": 1.0,
    "support": 367.0
  },
  "Strawberry___Leaf_scorch": {
    "precision": 1.0,
    "recall": 0.9954954954954955,
    "f1-score": 0.9977426636568849,
    "support": 222.0
  },
  "Strawberry___healthy": {
    "precision": 0.9891304347826086,
    "recall": 0.9891304347826086,
    "f1-score": 0.9891304347826086,
    "support": 92.0
  },
  "Tomato___Bacterial_spot": {
    "precision": 0.8771551724137931,
    "recall": 0.9576470588235294,
    "f1-score": 0.9156355455568054,
    "support": 425.0
  },
  "Tomato___Early_blight": {
    "precision": 0.8897058823529411,
    "recall": 0.605,
    "f1-score": 0.7202380952380952,
    "support": 200.0
  },
  "Tomato___Late_blight": {
    "precision": 0.9251336898395722,
    "recall": 0.9057591623036649,
    "f1-score": 0.9153439153439153,
    "support": 382.0
  },
  "Tomato___Leaf_Mold": {
    "precision": 0.9166666666666666,
    "recall": 0.9214659685863874,
    "f1-score": 0.9190600522193212,
    "support": 191.0
  },
  "Tomato___Septoria_leaf_spot": {
    "precision": 0.8909090909090909,
    "recall": 0.8305084745762712,
    "f1-score": 0.8596491228070176,
    "support": 354.0
  },
  "Tomato___Spider_mites Two-spotted_spider_mite": {
    "precision": 0.8865671641791045,
    "recall": 0.8865671641791045,
    "f1-score": 0.8865671641791045,
    "support": 335.0
  },
  "Tomato___Target_Spot": {
    "precision": 0.755223880597015,
    "recall": 0.900355871886121,
    "f1-score": 0.8214285714285714,
    "support": 281.0
  },
  "Tomato___Tomato_Yellow_Leaf_Curl_Virus": {
    "precision": 0.988647114474929,
    "recall": 0.9757236227824463,
    "f1-score": 0.9821428571428571,
    "support": 1071.0
  },
  "Tomato___Tomato_mosaic_virus": {
    "precision": 1.0,
    "recall": 0.7972972972972973,
    "f1-score": 0.8872180451127819,
    "support": 74.0
  },
  "Tomato___healthy": {
    "precision": 0.9317507418397626,
    "recall": 0.9874213836477987,
    "f1-score": 0.9587786259541985,
    "support": 318.0
  },
  "accuracy": 0.95976429426388,
  "macro avg": {
    "precision": 0.9571515418867222,
    "recall": 0.9397356789901025,
    "f1-score": 0.9460297472999444,
    "support": 10861.0
  },
  "weighted avg": {
    "precision": 0.9607293555578417,
    "recall": 0.95976429426388,
    "f1-score": 0.9591113939570158,
    "support": 10861.0
  }
}