{
  "loss": 0.12488812208175659,
  "compile_metrics": 0.959764301776886
}