{
  "accuracy": [
    0.8460546731948853,
    0.9165362119674683,
    0.9274468421936035,
    0.9308074712753296,
    0.9339379668235779,
    0.9367921948432922,
    0.937735915184021,
    0.9397155046463013,
    0.9376438856124878,
    0.9392781257629395,
    0.9394392967224121,
    0.9404290318489075,
    0.941280722618103,
    0.9413037300109863,
    0.9433293342590332,
    0.9420403242111206,
    0.9509483575820923,
    0.9500966668128967,
    0.9519611597061157,
    0.9511554837226868
  ],
  "loss": [
    0.5534717440605164,
    0.2632492780685425,
    0.2259008139371872,
    0.21249745786190033,
    0.19949433207511902,
    0.19370119273662567,
    0.1883542835712433,
    0.18286380171775818,
    0.18922480940818787,
    0.18089303374290466,
    0.18227818608283997,
    0.1817265897989273,
    0.1781810075044632,
    0.17713212966918945,
    0.1734917014837265,
    0.17745554447174072,
    0.1480960100889206,
    0.15043704211711884,
    0.1433931291103363,
    0.1492600291967392
  ],
  "top_3_accuracy": [
    0.9468741416931152,
    0.9852453470230103,
    0.988675057888031,
    0.9899640679359436,
    0.9912070631980896,
    0.9909538626670837,
    0.9918745756149292,
    0.9919666647911072,
    0.9918055534362793,
    0.9924730658531189,
    0.9921047687530518,
    0.9924500584602356,
    0.992404043674469,
    0.9927722811698914,
    0.9930024743080139,
    0.9931635856628418,
    0.9953733682632446,
    0.9943835735321045,
    0.9944756627082825,
    0.9946597814559937
  ],
  "val_accuracy": [
    0.9312217831611633,
    0.9351809024810791,
    0.9401528239250183,
    0.9444802403450012,
    0.9454009532928467,
    0.9454009532928467,
    0.9430071115493774,
    0.9477948546409607,
    0.9477027654647827,
    0.9499125480651855,
    0.9529509544372559,
    0.9521222710609436,
    0.9552527666091919,
    0.9526746869087219,
    0.9493600726127625,
    0.9525826573371887,
    0.9584752917289734,
    0.9586594104766846,
    0.9585673213005066,
    0.959764301776886
  ],
  "val_loss": [
    0.22843340039253235,
    0.2040715366601944,
    0.18293485045433044,
    0.17085926234722137,
    0.16651208698749542,
    0.1651781052350998,
    0.16993992030620575,
    0.16141155362129211,
    0.15995681285858154,
    0.15550903975963593,
    0.14860092103481293,
    0.15379004180431366,
    0.14434367418289185,
    0.15274514257907867,
    0.1580599993467331,
    0.1444927155971527,
    0.13068394362926483,
    0.13436704874038696,
    0.12876054644584656,
    0.12488812208175659
  ],
  "val_top_3_accuracy": [
    0.9878464341163635,
    0.9882147312164307,
    0.9914372563362122,
    0.9919896721839905,
    0.9930024743080139,
    0.9929103851318359,
    0.9930024743080139,
    0.9930945634841919,
    0.9932786822319031,
    0.993554949760437,
    0.993370771408081,
    0.9938311576843262,
    0.9947518706321716,
    0.9942914843559265,
    0.9943835735321045,
    0.9956725835800171,
    0.9950280785560608,
    0.99530428647995,
    0.9955804944038391,
    0.9951201677322388
  ],
  "learning_rate": [
    0.0010000000474974513,
    0.0010000000474974513,
    0.0010000000474974513,
    0.0010000000474974513,
    0.0010000000474974513,
    0.0010000000474974513,
    0.0010000000474974513,
    0.0010000000474974513,
    0.0010000000474974513,
    0.0010000000474974513,
    0.0010000000474974513,
    0.0010000000474974513,
    0.0010000000474974513,
    0.0010000000474974513,
    0.0010000000474974513,
    0.0010000000474974513,
    0.00020000000949949026,
    0.00020000000949949026,
    0.00020000000949949026,
    0.00020000000949949026
  ]
}